{
  "distance": 255200,
  "unpavedPavedIndeterminate": {
    "unpaved": {
      "distance": 107356,
      "percentOfRoute": 0.42067398119122257
    },
    "paved": {
      "distance": 82467,
      "percentOfRoute": 0.3231465517241379
    },
    "indeterminate": {
      "distance": 65377,
      "percentOfRoute": 0.2561794670846395
    }
  },
  "unpavedRoad": {
    "distance": 70501,
    "percentOfRoute": 0.2762578369905956
  },
  "disusedOrAbandoned": {
    "distance": 0,
    "percentOfRoute": 0
  },
  "byHighway": {
    "footway": {
      "distance": 18095,
      "percentOfRoute": 0.0709051724137931,
      "bySurface": {
        "NONE": {
          "distance": 14525,
          "percentOfHighway": 0.8027079303675049,
          "percentOfRoute": 0.05691614420062696
        },
        "dirt": {
          "distance": 1311,
          "percentOfHighway": 0.07245095330201713,
          "percentOfRoute": 0.005137147335423198
        },
        "wood": {
          "distance": 25,
          "percentOfHighway": 0.0013815971262779773,
          "percentOfRoute": 0.00009796238244514106
        },
        "asphalt": {
          "distance": 584,
          "percentOfHighway": 0.03227410886985355,
          "percentOfRoute": 0.0022884012539184954
        },
        "paved": {
          "distance": 656,
          "percentOfHighway": 0.036253108593534124,
          "percentOfRoute": 0.0025705329153605017
        },
        "compacted": {
          "distance": 970,
          "percentOfHighway": 0.05360596849958552,
          "percentOfRoute": 0.0038009404388714735
        },
        "concrete": {
          "distance": 24,
          "percentOfHighway": 0.0013263332412268582,
          "percentOfRoute": 0.00009404388714733542
        }
      }
    },
    "pedestrian": {
      "distance": 1267,
      "percentOfRoute": 0.004964733542319749,
      "bySurface": {
        "NONE": {
          "distance": 907,
          "percentOfHighway": 0.7158642462509865,
          "percentOfRoute": 0.003554075235109718
        },
        "paved": {
          "distance": 360,
          "percentOfHighway": 0.2841357537490134,
          "percentOfRoute": 0.0014106583072100312
        }
      }
    },
    "service": {
      "distance": 2576,
      "percentOfRoute": 0.010094043887147335,
      "bySurface": {
        "asphalt": {
          "distance": 137,
          "percentOfHighway": 0.0531832298136646,
          "percentOfRoute": 0.000536833855799373
        },
        "NONE": {
          "distance": 2132,
          "percentOfHighway": 0.827639751552795,
          "percentOfRoute": 0.00835423197492163
        },
        "unpaved": {
          "distance": 307,
          "percentOfHighway": 0.11917701863354037,
          "percentOfRoute": 0.0012029780564263323
        }
      }
    },
    "path": {
      "distance": 30799,
      "percentOfRoute": 0.12068573667711599,
      "bySurface": {
        "dirt": {
          "distance": 11795,
          "percentOfHighway": 0.38296697944738467,
          "percentOfRoute": 0.046218652037617554
        },
        "NONE": {
          "distance": 3063,
          "percentOfHighway": 0.09945128088574304,
          "percentOfRoute": 0.012002351097178683
        },
        "unpaved": {
          "distance": 13803,
          "percentOfHighway": 0.44816390142537094,
          "percentOfRoute": 0.054086990595611284
        },
        "asphalt": {
          "distance": 2138,
          "percentOfHighway": 0.06941783824150134,
          "percentOfRoute": 0.008377742946708464
        }
      }
    },
    "unclassified": {
      "distance": 3339,
      "percentOfRoute": 0.01308385579937304,
      "bySurface": {
        "paved": {
          "distance": 1663,
          "percentOfHighway": 0.4980533093740641,
          "percentOfRoute": 0.0065164576802507835
        },
        "NONE": {
          "distance": 1425,
          "percentOfHighway": 0.42677448337825696,
          "percentOfRoute": 0.00558385579937304
        },
        "unpaved": {
          "distance": 251,
          "percentOfHighway": 0.07517220724767895,
          "percentOfRoute": 0.0009835423197492163
        }
      }
    },
    "track": {
      "distance": 16954,
      "percentOfRoute": 0.06643416927899687,
      "bySurface": {
        "dirt": {
          "distance": 5029,
          "percentOfHighway": 0.2966261649168338,
          "percentOfRoute": 0.019706112852664576
        },
        "NONE": {
          "distance": 7133,
          "percentOfHighway": 0.42072667217175885,
          "percentOfRoute": 0.02795062695924765
        },
        "gravel": {
          "distance": 1274,
          "percentOfHighway": 0.07514450867052024,
          "percentOfRoute": 0.004992163009404389
        },
        "earth": {
          "distance": 1484,
          "percentOfHighway": 0.0875309661436829,
          "percentOfRoute": 0.005815047021943574
        },
        "compacted": {
          "distance": 2034,
          "percentOfHighway": 0.1199716880972042,
          "percentOfRoute": 0.007970219435736677
        }
      }
    },
    "residential": {
      "distance": 135992,
      "percentOfRoute": 0.5328840125391849,
      "bySurface": {
        "NONE": {
          "distance": 51025,
          "percentOfHighway": 0.37520589446438024,
          "percentOfRoute": 0.19994122257053293
        },
        "asphalt": {
          "distance": 34234,
          "percentOfHighway": 0.2517353961997765,
          "percentOfRoute": 0.13414576802507838
        },
        "unpaved": {
          "distance": 13331,
          "percentOfHighway": 0.09802782516618624,
          "percentOfRoute": 0.05223746081504702
        },
        "compacted": {
          "distance": 37270,
          "percentOfHighway": 0.2740602388375787,
          "percentOfRoute": 0.1460423197492163
        },
        "wood": {
          "distance": 132,
          "percentOfHighway": 0.0009706453320783576,
          "percentOfRoute": 0.0005172413793103448
        }
      }
    },
    "major": {
      "distance": 32539,
      "percentOfRoute": 0.1275039184952978,
      "bySurface": {
        "NONE": {
          "distance": 20616,
          "percentOfHighway": 0.6335781677371769,
          "percentOfRoute": 0.08078369905956113
        },
        "asphalt": {
          "distance": 11923,
          "percentOfHighway": 0.3664218322628231,
          "percentOfRoute": 0.046720219435736676
        }
      }
    },
    "cycleway": {
      "distance": 13639,
      "percentOfRoute": 0.05344435736677116,
      "bySurface": {
        "asphalt": {
          "distance": 588,
          "percentOfHighway": 0.04311166507808491,
          "percentOfRoute": 0.0023040752351097178
        },
        "NONE": {
          "distance": 10795,
          "percentOfHighway": 0.7914803138059975,
          "percentOfRoute": 0.04230015673981191
        },
        "dirt": {
          "distance": 2256,
          "percentOfHighway": 0.1654080211159176,
          "percentOfRoute": 0.00884012539184953
        }
      }
    }
  },
  "bySurface": {
    "NONE": {
      "distance": 111621,
      "percentOfRoute": 0.43738636363636363,
      "byHighway": {
        "footway": {
          "distance": 14525,
          "percentOfSurface": 0.13012784332697253,
          "percentOfRoute": 0.05691614420062696
        },
        "pedestrian": {
          "distance": 907,
          "percentOfSurface": 0.00812571111170837,
          "percentOfRoute": 0.003554075235109718
        },
        "residential": {
          "distance": 51025,
          "percentOfSurface": 0.457127243081499,
          "percentOfRoute": 0.19994122257053293
        },
        "path": {
          "distance": 3063,
          "percentOfSurface": 0.027441072916386703,
          "percentOfRoute": 0.012002351097178683
        },
        "major": {
          "distance": 20616,
          "percentOfSurface": 0.18469642809148817,
          "percentOfRoute": 0.08078369905956113
        },
        "track": {
          "distance": 7133,