{
  "distance": 122793,
  "unpavedPavedIndeterminate": {
    "unpaved": {
      "distance": 66911,
      "percentOfRoute": 0.5449089117457836
    },
    "paved": {
      "distance": 32504,
      "percentOfRoute": 0.264705642829803
    },
    "indeterminate": {
      "distance": 23378,
      "percentOfRoute": 0.19038544542441344
    }
  },
  "unpavedRoad": {
    "distance": 38704,
    "percentOfRoute": 0.31519712035702363
  },
  "disusedOrAbandoned": {
    "distance": 0,
    "percentOfRoute": 0
  },
  "byHighway": {
    "footway": {
      "distance": 6469,
      "percentOfRoute": 0.052682156148966146,
      "bySurface": {
        "NONE": {
          "distance": 5947,
          "percentOfHighway": 0.919307466378111,
          "percentOfRoute": 0.04843109949264209
        },
        "dirt": {
          "distance": 497,
          "percentOfHighway": 0.07682794867831196,
          "percentOfRoute": 0.004047461988875588
        },
        "wood": {
          "distance": 25,
          "percentOfHighway": 0.0038645849435770597,
          "percentOfRoute": 0.0002035946674484702
        }
      }
    },
    "pedestrian": {
      "distance": 1267,
      "percentOfRoute": 0.01031817774628847,
      "bySurface": {
        "NONE": {
          "distance": 907,
          "percentOfHighway": 0.7158642462509865,
          "percentOfRoute": 0.007386414535030498
        },
        "paved": {
          "distance": 360,
          "percentOfHighway": 0.2841357537490134,
          "percentOfRoute": 0.0029317632112579707
        }
      }
    },
    "service": {
      "distance": 1197,
      "percentOfRoute": 0.009748112677432752,
      "bySurface": {
        "asphalt": {
          "distance": 87,
          "percentOfHighway": 0.07268170426065163,
          "percentOfRoute": 0.0007085094427206763
        },
        "NONE": {
          "distance": 808,
          "percentOfHighway": 0.6750208855472013,
          "percentOfRoute": 0.006580179651934557
        },
        "unpaved": {
          "distance": 302,
          "percentOfHighway": 0.252297410192147,
          "percentOfRoute": 0.00245942358277752
        }
      }
    },
    "path": {
      "distance": 25138,
      "percentOfRoute": 0.20471851001278574,
      "bySurface": {
        "dirt": {
          "distance": 8655,
          "percentOfHighway": 0.34429946694247754,
          "percentOfRoute": 0.07048447387066038
        },
        "NONE": {
          "distance": 2680,
          "percentOfHighway": 0.10661150449518657,
          "percentOfRoute": 0.021825348350476004
        },
        "unpaved": {
          "distance": 13803,
          "percentOfHighway": 0.5490890285623359,
          "percentOfRoute": 0.11240868779164936
        }
      }
    },
    "unclassified": {
      "distance": 2287,
      "percentOfRoute": 0.018624840178186053,
      "bySurface": {
        "paved": {
          "distance": 611,
          "percentOfHighway": 0.26716222125054656,
          "percentOfRoute": 0.004975853672440612
        },
        "NONE": {
          "distance": 1425,
          "percentOfHighway": 0.6230870135548754,
          "percentOfRoute": 0.011604896044562801
        },
        "unpaved": {
          "distance": 251,
          "percentOfHighway": 0.10975076519457805,
          "percentOfRoute": 0.002044090461182641
        }
      }
    },
    "track": {
      "distance": 13121,
      "percentOfRoute": 0.10685462526365509,
      "bySurface": {
        "dirt": {
          "distance": 2977,
          "percentOfHighway": 0.22688819449737063,
          "percentOfRoute": 0.02424405299976383
        },
        "NONE": {
          "distance": 7111,
          "percentOfHighway": 0.5419556436247237,
          "percentOfRoute": 0.05791046720904286
        },
        "gravel": {
          "distance": 1274,
          "percentOfHighway": 0.0970962579071717,
          "percentOfRoute": 0.010375184253174042
        },
        "earth": {
          "distance": 742,
          "percentOfHighway": 0.056550567792089015,
          "percentOfRoute": 0.006042689729870595
        },
        "compacted": {
          "distance": 1017,
          "percentOfHighway": 0.07750933617864492,
          "percentOfRoute": 0.008282231071803767
        }
      }
    },
    "residential": {
      "distance": 65091,
      "percentOfRoute": 0.5300872199555349,
      "bySurface": {
        "NONE": {
          "distance": 21145,
          "percentOfHighway": 0.32485289825014213,
          "percentOfRoute": 0.17220036972791608
        },
        "asphalt": {
          "distance": 18916,
          "percentOfHighway": 0.2906085326696471,
          "percentOfRoute": 0.15404786917821048
        },
        "unpaved": {
          "distance": 6329,
          "percentOfHighway": 0.09723310442303852,
          "percentOfRoute": 0.05154202601125471
        },
        "compacted": {
          "distance": 18635,
          "percentOfHighway": 0.28629149959287764,
          "percentOfRoute": 0.15175946511608968
        },
        "wood": {
          "distance": 66,
          "percentOfHighway": 0.001013965064294603,
          "percentOfRoute": 0.0005374899220639613
        }
      }
    },
    "major": {
      "distance": 7654,
      "percentOfRoute": 0.062332543386023634,
      "bySurface": {
        "NONE": {
          "distance": 2261,
          "percentOfHighway": 0.29540109746537757,
          "percentOfRoute": 0.018413101724039645
        },
        "asphalt": {
          "distance": 5393,
          "percentOfHighway": 0.7045989025346224,
          "percentOfRoute": 0.04391944166198399
        }
      }
    },
    "cycleway": {
      "distance": 569,
      "percentOfRoute": 0.004633814631127182,
      "bySurface": {
        "asphalt": {
          "distance": 569,
          "percentOfHighway": 1,
          "percentOfRoute": 0.004633814631127182
        }
      }
    }
  },
  "bySurface": {
    "NONE": {
      "distance": 42284,
      "percentOfRoute": 0.34435187673564455,
      "byHighway": {
        "footway": {
          "distance": 5947,
          "percentOfSurface": 0.14064421530602592,
          "percentOfRoute": 0.04843109949264209
        },
        "pedestrian": {
          "distance": 907,
          "percentOfSurface": 0.021450193926780815,
          "percentOfRoute": 0.007386414535030498
        },
        "residential": {
          "distance": 21145,
          "percentOfSurface": 0.5000709488222496,
          "percentOfRoute": 0.17220036972791608
        },
        "path": {
          "distance": 2680,
          "percentOfSurface": 0.06338094787626525,
          "percentOfRoute": 0.021825348350476004
        },
        "major": {
          "distance": 2261,
          "percentOfSurface": 0.05347176236874468,
          "percentOfRoute": 0.018413101724039645
        },
        "track": {
          "distance": 7111,
          "percentOfSurface": 0.16817235833885158,
          "percentOfRoute": 0.05791046720904286
        },
        "service": {
          "distance": 808,
          "percentOfSurface": 0.019108882792545644,
          "percentOfRoute": 0.006580179651934557
        },
        "unclassified": {
          "distance": 1425,
          "percentOfSurface": 0.033700690568536563,
          "percentOfRoute": 0.011604896044562801
        }
      }
    },
    "asphalt": {
      "distance": 24965,
      "percentOfRoute": 0.20330963491404233,
      "byHighway": {
        "service": {
          "distance": 87,
          "percentOfSurface": 0.0034848788303625073,
          "percentOfRoute": 0.0007085094427206763
        },
        "major": {
          "distance": 5393,
          "percentOfSurface": 0.21602243140396554,
          "percentOfRoute": 0.04391944166198399
        },
        "cycleway": {
          "distance": 569,
          "percentOfSurface": 0.022791908672141,
          "percentOfRoute": 0.004633814631127182
        },
        "residential": {
          "distance": 18916,
          "percentOfSurface": 0.7577007810935309,